id,Name,titleProject_id,class,"score"
0,Сербин Геннадий Михаилович,7,8в,"2",Сербин_ГМ,WB0Dbth9
1,Папандина Клавдия Яковлевна,304,9в,"5",Папандина_КЯ,mZz9kq7a
2,Белагина Галина Андреевна,396,9а,"4",Белагина_ГА,I37Sv6rv
3,Кижняева Анна Леонидовна,178,7и,"2",Кижняева_АЛ,ku4AGWeW
4,Цывин Олег Яковлевич,446,7т,"2",Цывин_ОЯ,njwQeF9H
5,Жидняева Ксения Эдуардовна,373,7х,"4",Жидняева_КЭ,b9umvTWI
6,Липковский Анатолий Иванович,144,10а,"2",Липковский_АИ,315UwNRL
7,Меднова Наталья Богдановна,290,7и,"5",Меднова_НБ,5ecKxOPw
8,Житихин Вячеслав Романович,141,9а,"5",Житихин_ВР,9hDttKaa
9,Шеврина Полина Максимовна,33,11а,"5",Шеврина_ПМ,GSjUgLj7
10,Алпеев Валентин Данилович,323,8а,"2",Алпеев_ВД,RGRz56Io
11,Золикова Клара Игоревна,364,10х,"2",Золикова_КИ,9LmKgWsG
12,Дориков Дмитрий Петрович,296,10г,"5",Дориков_ДП,AqUfB3iS
13,Корабышев Кирилл Михаилович,302,8и,"5",Корабышев_КМ,ag098ESg
14,Ростовиков Константин Николаевич,336,10а,"2",Ростовиков_КН,a9KakQtX
15,Нехаев Дмитрий Фёдорович,129,7х,"4",Нехаев_ДФ,wWe2MVLO
16,Зызлова Мария Николаевна,430,8г,"3",Зызлова_МН,lM78fQMp
17,Королупов Валерий Тимофеевич,397,10д,"5",Королупов_ВТ,KsmmJB9y
18,Стенцов Евгений Яковлевич,315,8и,"4",Стенцов_ЕЯ,DXE5Xdws
19,Феклисов Константин Виталиевич,270,9т,"None",Феклисов_КВ,Fqz8LIPI
20,Синелев Руслан Тимофеевич,300,8и,"2",Синелев_РТ,CE0CZ9Ql
21,Опевалова Вера Евгеньевна,473,9д,"5",Опевалова_ВЕ,G55ykbUK
22,Назерова Вероника Василевна,206,7б,"5",Назерова_ВВ,HkMKL7E1
23,Дименская Светлана Дмитриевна,387,9д,"5",Дименская_СД,J7BGIbLg
24,Ковторева Раиса Василевна,482,9и,"2",Ковторева_РВ,I8PJ5c0H
25,Кулишнин Вячеслав Яковлевич,386,11х,"5",Кулишнин_ВЯ,TgAF0mW7
26,Лексин Кирилл Антонович,139,7в,"5",Лексин_КА,NJEFPrL3
27,Лаковский Григорий Василиевич,240,7д,"5",Лаковский_ГВ,78pCodAx
28,Барамыкова Александра Алексеевна,106,10а,"3",Барамыкова_АА,rSDhQ2FO
29,Плясулина Оксана Андреевна,346,8х,"2",Плясулина_ОА,2xOyNrmi
30,Петрикеев Станислав Яковлевич,14,7и,"4",Петрикеев_СЯ,7bi0YrPk
31,Моторыгин Илья Георгиевич,238,10и,"5",Моторыгин_ИГ,hjwJJ7Sr
32,Рыков Тарас Павлович,174,10и,"5",Рыков_ТП,SLwZrV3t
33,Иончикова Елизавета Егоровна,169,8д,"5",Иончикова_ЕЕ,sZqh3L9N
34,Смолькина Алиса Егоровна,441,7г,"5",Смолькина_АЕ,63Sv3Bgu
35,Оболенин Герасим Павлович,472,7и,"4",Оболенин_ГП,TTs4iaOJ
36,Трощинский Георгий Борисович,67,9д,"3",Трощинский_ГБ,oIB9Utj2
37,Поддубская Лиза Игоревна,496,10а,"4",Поддубская_ЛИ,yZQpi82M
38,Телькова Валерия Олеговна,335,7х,"4",Телькова_ВО,Rn6wj52a
39,Чигварина Александра Алексеевна,428,10б,"2",Чигварина_АА,3ptQi3lO
40,Киреевский Артур Игоревич,119,7в,"3",Киреевский_АИ,tkJg31Q7
41,Шумейкин Роман Павлович,420,8в,"5",Шумейкин_РП,7SriNEbD
42,Трушинов Максим Алексиевич,82,8и,"4",Трушинов_МА,ECXQ8IWf
43,Голюков Денис Сергеевич,62,11б,"4",Голюков_ДС,tt0lp8xV
44,Хлиманкова Надежда Валерьевна,461,10б,"3",Хлиманкова_НВ,qxxa1wVH
45,Кулаженков Алексей Олегович,367,10в,"2",Кулаженков_АО,JkzOshY6
46,Бутукин Владимир Адамович,221,7х,"5",Бутукин_ВА,qI0saF2c
47,Поддуев Леонид Олегович,149,9х,"4",Поддуев_ЛО,R8OW7qjx
48,Ревцев Василий Павлович,360,9х,"5",Ревцев_ВП,n7fFzT0W
49,Старокожев Артём Юрьевич,46,8д,"3",Старокожев_АЮ,fn4fSnyK
50,Светошев Максим Михаилович,321,10х,"2",Светошев_ММ,u0UU2HS1
51,Старынина Кристина Федоровна,266,9д,"3",Старынина_КФ,mR6ukPeg
52,Востров Дмитрий Денисович,282,9г,"3",Востров_ДД,Ogr1rtoz
53,Бураханова Анастасия Леонидовна,16,8г,"2",Бураханова_АЛ,lkFuS3HN
54,Понизов Виктор Кириллович,214,11и,"5",Понизов_ВК,iMtUrdx8
55,Суздалев Валерий Алексеевич,66,11т,"5",Суздалев_ВА,l7dDvgHZ
56,Колендин Дмитрий Алексеевич,153,10в,"4",Колендин_ДА,EfwEOn1a
57,Сулькова Екатерина Андреевна,325,8и,"4",Сулькова_ЕА,sImm2vSV
58,Аржевитова Надежда Федоровна,242,10в,"2",Аржевитова_НФ,EE1IiAem
59,Крассов Валерий Олегович,201,8х,"5",Крассов_ВО,QvYfVm64
60,Сонураева Инна Андреевна,450,9т,"3",Сонураева_ИА,R2gDxTFF
61,Пашин Роман Вадимович,204,10д,"2",Пашин_РВ,ogvC1AEJ
62,Фичкина Евгения Федоровна,29,11д,"3",Фичкина_ЕФ,XHdkpcL5
63,Свилин Олег Виталиевич,123,8в,"2",Свилин_ОВ,cOGHD4XF
64,Рогоцкий Андрей Адамович,142,9в,"2",Рогоцкий_АА,OlCIZ5J3
65,Ахантьев Игорь Валериевич,80,10д,"5",Ахантьев_ИВ,apvgPCW9
66,Сочиникова Ксения Кирилловна,100,10д,"2",Сочиникова_КК,7fiJ2sMv
67,Остюков Артур Романович,329,11и,"3",Остюков_АР,Jg1QT3dJ
68,Брюкина Оксана Викторовна,98,8в,"5",Брюкина_ОВ,16VIu8DX
69,Кузовенков Игорь Юрьевич,322,9г,"None",Кузовенков_ИЮ,47Uushjn
70,Калухов Тарас Иванович,207,11а,"3",Калухов_ТИ,kOWYC2h6
71,Батыров Пётр Виталиевич,227,7и,"3",Батыров_ПВ,bKy7Gva4
72,Озрина Катерина Валерьевна,147,10а,"4",Озрина_КВ,6LdeKQV3
73,Декалова Полина Леонидовна,470,11д,"5",Декалова_ПЛ,5RG6s6UZ
74,Лосицкий Владимир Кириллович,369,9т,"5",Лосицкий_ВК,ez42PGdy
75,Магнусов Пётр Максимович,437,7и,"5",Магнусов_ПМ,5PLmNyOv
76,Лавренков Михаил Василиевич,188,9б,"2",Лавренков_МВ,2fR9OzA8
77,Шушкалова Вероника Алексеевна,411,8т,"5",Шушкалова_ВА,aIKW9ky6
78,Бороданова Маргарита Дмитриевна,118,7г,"5",Бороданова_МД,E9bc1FoC
79,Циркина Виолетта Федоровна,231,9г,"2",Циркина_ВФ,d5xBckS7
80,Болохина Екатерина Андреевна,194,11д,"3",Болохина_ЕА,D08xoXrJ
81,Чукалова Дарья Валерьевна,20,10г,"4",Чукалова_ДВ,B7447bnx
82,Беловолов Степан Петрович,222,9д,"2",Беловолов_СП,mCXEhF4k
83,Зудейкина Вероника Ивановна,166,8и,"3",Зудейкина_ВИ,kjtl7qRz
84,Макунова Мария Борисовна,47,9в,"5",Макунова_МБ,RGzn9HU2
85,Верзанский Геннадий Андреевич,497,7д,"5",Верзанский_ГА,NuK96STn
86,Алтубин Ярослав Леонидович,414,10г,"5",Алтубин_ЯЛ,9aUUJD5j
87,Аузин Игорь Алексиевич,435,8х,"5",Аузин_ИА,5ICOfX3n
88,Калыгин Степан Тимофеевич,353,8и,"2",Калыгин_СТ,FpQlhv8t
89,Дурныгина Полина Игоревна,72,8и,"2",Дурныгина_ПИ,ud1DIUBP
90,Антюфеева Александра Вадимовна,347,8и,"2",Антюфеева_АВ,zP2EUVDA
91,Лощинский Борис Романович,210,10б,"3",Лощинский_БР,qJwBlB46
92,Ходорков Евгений Виталиевич,344,9г,"5",Ходорков_ЕВ,3jXBYp3b
93,Кафорин Федор Данилович,427,10д,"3",Кафорин_ФД,mkPFc46C
94,Косынская Алиса Дмитриевна,40,9в,"3",Косынская_АД,yb7UpHoJ
95,Беремцев Артём Антонович,434,11т,"2",Беремцев_АА,42kS3hz7
96,Влянская Мария Андреевна,490,7т,"4",Влянская_МА,08IinolP
97,Мыгеева Лиза Василевна,280,8в,"5",Мыгеева_ЛВ,nk3rqLX4
98,Акутникова Мария Алексеевна,173,11в,"2",Акутникова_МА,d8sUNd1w
99,Карябкин Константин Максимович,89,7и,"2",Карябкин_КМ,AQ8DkqyT
100,Прилепина Яна Максимовна,30,10в,"5",Прилепина_ЯМ,mNxppBK2
101,Ведищев Никита Георгиевич,365,7и,"5",Ведищев_НГ,amY6Xkoi
102,Самчева Вероника Борисовна,287,10г,"3",Самчева_ВБ,rLI2WeSI
103,Пирцхалова Карина Леонидовна,452,10г,"5",Пирцхалова_КЛ,UU07yu6f
104,Павлочев Денис Борисович,432,11д,"5",Павлочев_ДБ,eLjR850j
105,Арашкова Екатерина Евгеньевна,356,8х,"None",Арашкова_ЕЕ,wtSWP7nK
106,Байсарова Людмила Василевна,215,11и,"2",Байсарова_ЛВ,1gvPpadi
107,Кудекина Зинаида Игоревна,250,10и,"3",Кудекина_ЗИ,8VnSLvfa
108,Дерналов Виталий Викторович,1,9г,"4",Дерналов_ВВ,hqq1P2DQ
109,Сазинова Галина Романовна,61,9и,"3",Сазинова_ГР,8WfymRLK
110,Остаченова Марина Эдуардовна,229,9т,"5",Остаченова_МЭ,ZCF6Gdou
111,Битюкова Яна Егоровна,488,9и,"4",Битюкова_ЯЕ,2wbSjeIN
112,Иваницкий Константин Борисович,232,8д,"5",Иваницкий_КБ,64SLqoix
113,Белянский Владислав Игоревич,74,11б,"5",Белянский_ВИ,XY6x1FJG
114,Баранкин Артём Алексеевич,382,9т,"2",Баранкин_АА,HKfhI0L9
115,Шкабанова Софья Вадимовна,499,9х,"4",Шкабанова_СВ,jBpiK9eE
116,Полозлов Денис Адамович,155,8т,"3",Полозлов_ДА,JFfQXj13
117,Жунина Светлана Михайловна,162,8в,"3",Жунина_СМ,1KAOa0pw
118,Пантыкин Борис Игоревич,245,9х,"2",Пантыкин_БИ,x04fvIcj
119,Доутова Марина Богдановна,189,11х,"2",Доутова_МБ,6Og88LKk
120,Трещалова Яна Андреевна,330,8б,"3",Трещалова_ЯА,YNdz4XKb
121,Ивашечкин Александр Данилович,390,10т,"4",Ивашечкин_АД,hHBjcY5k
122,Мазьянова Инна Богдановна,416,11в,"4",Мазьянова_ИБ,NWmGuA8l
123,Корогев Николай Евгеньевич,184,8б,"5",Корогев_НЕ,f4Cv0LRg
124,Заидова Галина Максимовна,88,9т,"4",Заидова_ГМ,OuZT9V2N
125,Рамхин Кирилл Алексиевич,459,9х,"4",Рамхин_КА,tXYh8QrL
126,Кизбабаев Эдуард Фёдорович,415,11т,"2",Кизбабаев_ЭФ,EpB4GQUM
127,Соурчаков Ярослав Валериевич,268,8б,"2",Соурчаков_ЯВ,GMNEtTm9
128,Мотяшева Алена Михайловна,404,7т,"2",Мотяшева_АМ,8lDncfLl
129,Горшкова Наталия Яковлевна,340,11а,"2",Горшкова_НЯ,ZpCQ00W2
130,Зябрицкий Игорь Виталиевич,332,7а,"5",Зябрицкий_ИВ,URWTyi1b
131,Шельдяев Игорь Юриевич,97,7д,"5",Шельдяев_ИЮ,5ngPcOZj
132,Шмелькин Максим Викторович,483,9т,"5",Шмелькин_МВ,p1eVpI1E
133,Жалкин Алексей Алексеевич,43,7а,"3",Жалкин_АА,NGl8AQVT
134,Худасов Денис Максимович,70,10д,"2",Худасов_ДМ,ED3X9TVc
135,Швичкова Наталья Эдуардовна,398,7г,"4",Швичкова_НЭ,fK7CbzAo
136,Едская Жанна Валерьевна,436,11в,"4",Едская_ЖВ,k6eoPxVW
137,Поморзина Полина Евгеньевна,122,7д,"4",Поморзина_ПЕ,gEr7hrMa
138,Будачева Кира Олеговна,55,11х,"4",Будачева_КО,64pSDSKa
139,Молкаев Василий Валериевич,216,8д,"2",Молкаев_ВВ,Y3Ak2Oc1
140,Яцынин Константин Тимофеевич,285,7г,"2",Яцынин_КТ,Iehp1PL8
141,Маховиков Василий Петрович,391,7х,"4",Маховиков_ВП,BM2oPOSh
142,Шаметова Евгения Вадимовна,463,7а,"2",Шаметова_ЕВ,h3MbLIAW
143,Законнова Жанна Евгеньевна,442,11и,"None",Законнова_ЖЕ,e1Vv9t0W
144,Перчихин Аркадий Тимофеевич,164,10т,"3",Перчихин_АТ,Kw8lothf
145,Бурдасова Ксения Игоревна,203,9а,"3",Бурдасова_КИ,eat5e6sU
146,Киссин Степан Иванович,251,7х,"5",Киссин_СИ,CLsori5m
147,Вапилина Мария Егоровна,77,7д,"2",Вапилина_МЕ,Mf1OVYAI
148,Сигутина Дарья Федоровна,458,7б,"2",Сигутина_ДФ,Tg6N6KUU
149,Сошьяков Альберт Фёдорович,17,7т,"4",Сошьяков_АФ,JSXou8AT
150,Лугахина Клара Вадимовна,419,8в,"4",Лугахина_КВ,jlckP5DV
151,Логецкий Анатолий Виталиевич,372,11б,"4",Логецкий_АВ,F8MA8rxg
152,Ковайкова Юлия Егоровна,75,10г,"2",Ковайкова_ЮЕ,zidm9U1a
153,Вермутский Валерий Петрович,447,9и,"5",Вермутский_ВП,qWH1Uw1W
154,Россомахов Олег Юриевич,56,8в,"2",Россомахов_ОЮ,AjZuO2IG
155,Циплакова Екатерина Егоровна,471,9б,"5",Циплакова_ЕЕ,GOKL3K8f
156,Квятцева Алла Никитична,138,11в,"2",Квятцева_АН,nQQSjMm5
157,Выхухолева Лариса Василевна,384,8б,"5",Выхухолева_ЛВ,7nQ7gWT7
158,Целохов Андрей Вадимович,433,8и,"5",Целохов_АВ,ECfbrne4
159,Бендин Иван Яковлевич,71,8и,"4",Бендин_ИЯ,Qea1rZ5J
160,Лазученков Василий Алексеевич,381,7х,"2",Лазученков_ВА,Hoso4nNk
161,Скоропухов Михаил Василиевич,69,10и,"3",Скоропухов_МВ,Di8xOj0p
162,Мухонкин Тарас Романович,126,9и,"4",Мухонкин_ТР,OQRZ6hng
163,Камерцев Владимир Кириллович,303,7а,"3",Камерцев_ВК,10uXxpn6
164,Сандрыкина Анна Олеговна,324,10т,"2",Сандрыкина_АО,d3EQwGSq
165,Недбайлов Алексей Денисович,15,7т,"2",Недбайлов_АД,X3rkacpg
166,Серпков Ярослав Георгиевич,380,10б,"4",Серпков_ЯГ,Kkr5c90h
167,Хатшуклов Аркадий Николаевич,42,11т,"4",Хатшуклов_АН,Vmkh1wiv
168,Литвалиева Алиса Егоровна,10,11и,"3",Литвалиева_АЕ,GIf5DFcg
169,Енесина Лиза Валерьевна,293,9б,"5",Енесина_ЛВ,EUK0s7DK
170,Пикальков Эдуард Алексиевич,21,8д,"5",Пикальков_ЭА,a3cZEGWH
171,Сачинский Валентин Кириллович,125,10т,"2",Сачинский_ВК,nlhtUhp5
172,Тарзанова Евгения Аркадьевна,96,9д,"2",Тарзанова_ЕА,21NPFsUc
173,Лапундин Юрий Игоревич,267,8и,"5",Лапундин_ЮИ,HU8KYjQg
174,Личева Лиза Михайловна,453,9б,"3",Личева_ЛМ,hYnltTE1
175,Смароверов Яков Борисович,131,11в,"4",Смароверов_ЯБ,DQlGVoU1
176,Вереина Алла Василевна,295,10и,"3",Вереина_АВ,VJseUL2x
177,Погиблева Дарья Леонидовна,283,9в,"5",Погиблева_ДЛ,qM2lGXFT
178,Байнова Анастасия Вадимовна,363,7б,"3",Байнова_АВ,pr7O0xxH
179,Шиловский Вячеслав Максимович,438,9и,"4",Шиловский_ВМ,FA4y7euf
180,Сыждиков Пётр Василиевич,494,11х,"5",Сыждиков_ПВ,7VlVovKF
181,Каценова Алёна Эдуардовна,165,11т,"2",Каценова_АЭ,uTAoS97n
182,Мужицких Ева Олеговна,348,8х,"3",Мужицких_ЕО,FXXHOO3s
183,Плеснецов Степан Юрьевич,22,10а,"2",Плеснецов_СЮ,9dcSN39t
184,Игумнова Алёна Сергеевна,114,9д,"4",Игумнова_АС,VL4X0Yvf
185,Хадаров Владимир Валериевич,278,11т,"5",Хадаров_ВВ,3WJ0pH6P
186,Ступакова Кира Ивановна,421,8и,"3",Ступакова_КИ,P2imodAO
187,Шоленинов Федор Максимович,286,11т,"4",Шоленинов_ФМ,cFcSK7Iv
188,Гундаров Руслан Николаевич,158,9д,"4",Гундаров_РН,G1yJkDSB
189,Гречишева Марина Андреевна,464,7д,"2",Гречишева_МА,VC4nb80k
190,Утилова Алена Андреевна,253,11д,"3",Утилова_АА,vYhFe5JH
191,Роткичева Алиса Максимовна,410,10а,"4",Роткичева_АМ,Wz9VymwU
192,Колтышева Марина Вадимовна,87,11г,"4",Колтышева_МВ,Ggcisd42
193,Гурычева Лариса Валерьевна,489,9б,"2",Гурычева_ЛВ,FEjKil04
194,Горцева Кристина Никитична,246,8и,"4",Горцева_КН,7vBn8Xs5
195,Кутурин Геннадий Денисович,197,9в,"2",Кутурин_ГД,ks5kNp1L
196,Стефанков Яков Евгеньевич,318,10г,"3",Стефанков_ЯЕ,gXHXan6s
197,Множина Людмила Василевна,90,8б,"2",Множина_ЛВ,KZI66qJD
198,Семисалов Георгий Иванович,316,9в,"3",Семисалов_ГИ,K1n8osdh
199,Рогалов Альберт Валериевич,327,9б,"2",Рогалов_АВ,hnRD1RXG
200,Черетаева Анастасия Олеговна,341,9б,"2",Черетаева_АО,DLAQKj4x
201,Радоминова Любовь Игоревна,25,9и,"5",Радоминова_ЛИ,rTXMkri2
202,Шувырина Лиза Андреевна,395,9а,"5",Шувырина_ЛА,WqXrIp8W
203,Калиженков Семён Алексеевич,401,11а,"4",Калиженков_СА,Aq6XuNhY
204,Старокашин Константин Петрович,309,10а,"3",Старокашин_КП,tkQAsi2a
205,Малтоцов Аркадий Яковлевич,218,8а,"3",Малтоцов_АЯ,Lzqf8LfU
206,Кузеванова Ева Егоровна,116,7д,"2",Кузеванова_ЕЕ,MeWg4Nzz
207,Нурулина Алёна Егоровна,284,9х,"2",Нурулина_АЕ,4s8qi2iL
208,Лератов Герасим Сергеевич,374,10а,"4",Лератов_ГС,F9M74IiA
209,Людин Руслан Аркадиевич,498,7и,"3",Людин_РА,69NsueHU
210,Пурин Виктор Данилович,154,8и,"5",Пурин_ВД,2TbpOpUp
211,Лютов Виктор Юрьевич,288,11г,"2",Лютов_ВЮ,dpbkDrZ9
212,Марюшкина Яна Федоровна,345,10д,"5",Марюшкина_ЯФ,RjIKJT61
213,Томилова Кристина Михайловна,492,11б,"3",Томилова_КМ,4qZRyiD1
214,Дистерев Валерий Валериевич,24,7г,"3",Дистерев_ВВ,kWeIq7qr
215,Дочкин Геннадий Алексиевич,52,11и,"5",Дочкин_ГА,W2HMaYjf
216,Иняхин Руслан Сергеевич,234,7и,"5",Иняхин_РС,yOf7wiJE
217,Знайкова Раиса Егоровна,148,11х,"3",Знайкова_РЕ,hg0t3H7A
218,Кашавцев Аркадий Леонидович,58,7а,"4",Кашавцев_АЛ,oktirb8X
219,Пятернина Кристина Андреевна,445,7и,"2",Пятернина_КА,IyzUv7GW
220,Гусеева Карина Викторовна,263,9и,"2",Гусеева_КВ,4CI4jxzP
221,Кастева Яна Сергеевна,108,7и,"2",Кастева_ЯС,hkZSbQ5Z
222,Гришанин Тарас Павлович,113,10т,"2",Гришанин_ТП,ZJR1Pujg
223,Грамоткин Илья Викторович,195,8д,"5",Грамоткин_ИВ,4MLu18UE
224,Мелисин Геннадий Василиевич,465,10г,"2",Мелисин_ГВ,b6uBDdpu
225,Цинина Светлана Яковлевна,105,11г,"5",Цинина_СЯ,r1ZHZmzs
226,Петов Георгий Адамович,57,9а,"2",Петов_ГА,nGa9NA5i
227,Реева Валентина Максимовна,146,11и,"5",Реева_ВМ,5K8PIY0m
228,Слесивых Мария Аркадьевна,35,7и,"5",Слесивых_МА,5y5SRPcw
229,Афтаева Полина Ивановна,193,10д,"5",Афтаева_ПИ,6gqIDbIu
230,Кривицкий Валентин Виталиевич,208,8х,"5",Кривицкий_ВВ,4NwRwHd9
231,Чубатов Константин Леонидович,279,11а,"4",Чубатов_КЛ,3RjZCsY7
232,Партенков Геннадий Павлович,418,8х,"3",Партенков_ГП,YtSrN1E1
233,Черушев Григорий Борисович,84,7г,"4",Черушев_ГБ,ViiMMyz3
234,Тютекин Георгий Тимофеевич,262,7а,"2",Тютекин_ГТ,U2W3Fbtf
235,Янкевский Вячеслав Адамович,167,11г,"4",Янкевский_ВА,C82c824f
236,Сухручкина Клавдия Аркадьевна,177,7в,"4",Сухручкина_КА,yB52Pmw9
237,Конофалова Клара Петровна,95,11д,"5",Конофалова_КП,VIL6zJqM
238,Лигасов Михаил Павлович,491,11г,"4",Лигасов_МП,4lr1HvDH
239,Писарьков Альберт Игоревич,313,8в,"4",Писарьков_АИ,aeUHPKl9
240,Варов Кирилл Иванович,28,8а,"5",Варов_КИ,djRyjmn5
241,Пурынов Евгений Петрович,244,9и,"3",Пурынов_ЕП,KcbkKQ2k
242,Супрутская Вероника Викторовна,187,9а,"2",Супрутская_ВВ,xHxCt5cL
243,Скроцкая Алина Федоровна,127,8г,"3",Скроцкая_АФ,5MKAyF9o
244,Барадулин Вадим Юрьевич,281,11х,"3",Барадулин_ВЮ,zvw0gg8S
245,Точилин Дмитрий Фёдорович,476,8а,"2",Точилин_ДФ,bF58kFhf
246,Бикмуллин Руслан Валериевич,333,11т,"2",Бикмуллин_РВ,07Widj6y
247,Серпичев Василий Алексиевич,394,10х,"5",Серпичев_ВА,5yHuvxbX
248,Вострышев Яков Аркадиевич,343,8г,"5",Вострышев_ЯА,7gD3yuL5
249,Грушчева София Евгеньевна,480,11в,"None",Грушчева_СЕ,32sbCDpY
250,Кулапов Александр Юрьевич,109,9б,"5",Кулапов_АЮ,rQpH1kRV
251,Чибисенков Владислав Фёдорович,375,8х,"3",Чибисенков_ВФ,Dl5QN2ij
252,Утилов Роман Василиевич,254,9х,"2",Утилов_РВ,8JYIZ7ql
253,Татаурова Галина Федоровна,145,10т,"4",Татаурова_ГФ,h8WMHgnI
254,Визавитина Наталия Леонидовна,101,10г,"2",Визавитина_НЛ,JMKV7Mdc
255,Мягченков Артём Денисович,115,7б,"4",Мягченков_АД,n4mGjErd
256,Брикова Инна Богдановна,256,9б,"4",Брикова_ИБ,v4E1MztU
257,Наторкин Валентин Данилович,319,7и,"2",Наторкин_ВД,1oeHbhhg
258,Эштрекова Софья Алексеевна,76,9в,"3",Эштрекова_СА,i7iBnDJr
259,Кутаманова Кира Андреевна,182,10т,"2",Кутаманова_КА,WfCwEy9S
260,Кыштымова Евгения Эдуардовна,255,8в,"5",Кыштымова_ЕЭ,6b3XTZSh
261,Ккнязева Клавдия Дмитриевна,34,7б,"5",Ккнязева_КД,kzaGzT9V
262,Глаголина Алиса Никитична,249,9д,"2",Глаголина_АН,dXxhDWd2
263,Рисина Раиса Валерьевна,451,10а,"4",Рисина_РВ,MM0JV82a
264,Ребров Алексей Георгиевич,289,8и,"3",Ребров_АГ,PWdVcnq1
265,Вырысалова Александра Евгеньевна,39,11и,"2",Вырысалова_АЕ,jSJM7Wyz
266,Гомольский Владимир Юриевич,314,11х,"5",Гомольский_ВЮ,y1YNX5RX
267,Швинова Марина Федоровна,271,8г,"5",Швинова_МФ,lRB7KMr5
268,Рудковская Инна Дмитриевна,6,7т,"3",Рудковская_ИД,bZyM90Qc
269,Решеткина Дарья Василевна,408,10и,"3",Решеткина_ДВ,p3TeVz5o
270,Евстихеев Игорь Василиевич,422,10х,"5",Евстихеев_ИВ,na9hIPoZ
271,Лазарина Алёна Федоровна,161,8б,"3",Лазарина_АФ,lEDC8U6R
272,Гляченков Григорий Николаевич,431,10а,"5",Гляченков_ГН,yBvEKXi4
273,Чардынцева Алина Вадимовна,135,10д,"3",Чардынцева_АВ,zt2VphOp
274,Скаредов Яков Иванович,337,9т,"5",Скаредов_ЯИ,PG4ZkczR
275,Юрицкий Эдуард Денисович,192,7д,"3",Юрицкий_ЭД,IhFwCve6
276,Кравчина Светлана Аркадьевна,413,11г,"5",Кравчина_СА,V0L6NoXZ
277,Чмареткова Полина Вадимовна,449,10а,"2",Чмареткова_ПВ,Ky2n1IJS
278,Углова Галина Романовна,260,9г,"3",Углова_ГР,a65CF4uB
279,Згуровская Виктория Андреевна,220,9т,"4",Згуровская_ВА,76Q4RG9t
280,Секерский Станислав Сергеевич,235,10а,"4",Секерский_СС,SMrY8I28
281,Жевайкин Евгений Адамович,86,11г,"3",Жевайкин_ЕА,5tChEV9o
282,Коточигов Семён Игоревич,26,9д,"5",Коточигов_СИ,oSoJL4O8
283,Калонин Альберт Денисович,297,8б,"2",Калонин_АД,rohUg4Mo
284,Валягин Григорий Антонович,94,10в,"4",Валягин_ГА,0u2cb4S8
285,Коцева Кристина Николаевна,412,9г,"3",Коцева_КН,22kpHIHN
286,Голина Кристина Максимовна,3,7х,"3",Голина_КМ,t2qaaEmH
287,Батрамеев Анатолий Романович,354,9х,"3",Батрамеев_АР,ByLc4rS2
288,Чикмарев Валентин Валериевич,306,9и,"5",Чикмарев_ВВ,a6LbcFv1
289,Киницына Валерия Олеговна,202,7х,"4",Киницына_ВО,b6MG2xN8
290,Числин Юрий Денисович,121,7в,"2",Числин_ЮД,FBeO6B48
291,Стебунова Юлия Романовна,358,9т,"3",Стебунова_ЮР,69S7I7qd
292,Кацов Павел Павлович,236,10г,"5",Кацов_ПП,QpRKeeh8
293,Гоцев Тарас Викторович,41,8в,"3",Гоцев_ТВ,SjEdckO2
294,Мотовицкий Роман Аркадиевич,31,11и,"5",Мотовицкий_РА,82L93nfa
295,Чурзина Клара Егоровна,308,10б,"3",Чурзина_КЕ,Zcy85kpj
296,Щепалкина Валерия Сергеевна,134,9б,"4",Щепалкина_ВС,OAHM0e09
297,Утимишев Ярослав Игоревич,239,11а,"3",Утимишев_ЯИ,xH5PDWkG
298,Алуханов Кирилл Фёдорович,298,7т,"2",Алуханов_КФ,sYn9f7Tg
299,Полунеев Валентин Валериевич,307,8и,"2",Полунеев_ВВ,2uyr3FpD
300,Крупенова Наталия Андреевна,209,7в,"5",Крупенова_НА,1NcATqKP
301,Корнюшин Илья Юрьевич,44,10т,"3",Корнюшин_ИЮ,uh4yMGMM
302,Паушева Виолетта Никитична,310,8г,"4",Паушева_ВН,Tgxr1beH
303,Берзин Герасим Антонович,349,11т,"5",Берзин_ГА,8bhZ9Ct1
304,Шулунова Алла Алексеевна,54,7д,"4",Шулунова_АА,CWph2rvh
305,Трепашова София Яковлевна,399,11а,"2",Трепашова_СЯ,2Yo09SWc
306,Чумейкин Константин Антонович,8,8б,"5",Чумейкин_КА,BhHV3Wld
307,Польшиков Денис Игоревич,495,9и,"2",Польшиков_ДИ,poP6IDjp
308,Медоусова Жанна Романовна,252,7б,"2",Медоусова_ЖР,5KQ7OFyq
309,Акуратова Клавдия Андреевна,92,9г,"5",Акуратова_КА,GDe15d2a
310,Курмеева Елизавета Валерьевна,486,8а,"5",Курмеева_ЕВ,THI1zWpD
311,Бадов Александр Аркадиевич,217,10г,"3",Бадов_АА,yfMX2fah
312,Бакушин Эдуард Адамович,265,7б,"5",Бакушин_ЭА,kN0m4yst
313,Чебина Инна Сергеевна,273,10т,"2",Чебина_ИС,uhWpPK8e
314,Подледнова Наталья Ивановна,112,11и,"3",Подледнова_НИ,iwRJUG2x
315,Садгеева Лиза Евгеньевна,460,11г,"3",Садгеева_ЛЕ,HOBP6hED
316,Акушин Борис Павлович,493,9т,"2",Акушин_БП,4z9RK1Yr
317,Аришев Руслан Кириллович,379,10т,"3",Аришев_РК,1grIPZ4f
318,Гуслова Кристина Олеговна,389,9в,"2",Гуслова_КО,735j6UhW
319,Глоточкина Оксана Аркадьевна,370,9и,"5",Глоточкина_ОА,f8C2gAOp
320,Шапина Маргарита Романовна,163,8б,"5",Шапина_МР,7oXupjOm
321,Дурылин Георгий Валериевич,261,11т,"4",Дурылин_ГВ,Cl4e2s1s
322,Болкисева Анна Викторовна,248,7х,"4",Болкисева_АВ,69fSBrPp
323,Багапов Вячеслав Сергеевич,99,7д,"4",Багапов_ВС,dwz3m90R
324,Люцарева Яна Аркадьевна,376,11б,"2",Люцарева_ЯА,qPT2Q3tU
325,Боготынина София Егоровна,63,11б,"5",Боготынина_СЕ,NVc05hmu
326,Саюшкин Игорь Алексиевич,211,11х,"5",Саюшкин_ИА,TkJgRm8v
327,Потешных Тамара Николаевна,468,11в,"3",Потешных_ТН,eq67mzZN
328,Незлина Жанна Василевна,426,8б,"5",Незлина_ЖВ,cJ70qbu6
329,Федичева Вероника Кирилловна,37,7х,"4",Федичева_ВК,H8PKE9aE
330,Пустынкин Вадим Антонович,388,10в,"5",Пустынкин_ВА,g62sUdYn
331,Аринакова Ирина Михайловна,150,8в,"5",Аринакова_ИМ,o5501TTk
332,Обиралкова Мария Егоровна,294,11т,"5",Обиралкова_МЕ,9PumYwWu
333,Аристарова Валентина Максимовна,443,11г,"2",Аристарова_ВМ,4RmHrScP
334,Яуров Герасим Юрьевич,38,9а,"5",Яуров_ГЮ,Arxu6jtj
335,Духонькин Вячеслав Фёдорович,2,9в,"4",Духонькин_ВФ,NgM4Q6BG
336,Гвасков Евгений Михаилович,402,9в,"5",Гвасков_ЕМ,2EQSbsOt
337,Жабынина Галина Николаевна,185,7х,"5",Жабынина_ГН,1WkgGC1g
338,Шерюкова Виолетта Романовна,440,9б,"4",Шерюкова_ВР,3dNtf4sj
339,Колокатов Пётр Евгеньевич,484,10в,"3",Колокатов_ПЕ,4mW9YgGD
340,Шайдуков Андрей Михаилович,317,9и,"4",Шайдуков_АМ,solK97Fa
341,Смирнягина Дарья Игоревна,425,10в,"4",Смирнягина_ДИ,pRL7ix9i
342,Штырева Ева Олеговна,258,11и,"2",Штырева_ЕО,dfw47VGQ
343,Ашукин Вячеслав Михаилович,191,10т,"4",Ашукин_ВМ,cjWR3IjM
344,Рубченкова Галина Алексеевна,190,9в,"3",Рубченкова_ГА,vEV5qcZ3
345,Зархин Иван Алексиевич,478,11и,"5",Зархин_ИА,3DEyCLbc
346,Адиотов Дмитрий Павлович,156,7б,"3",Адиотов_ДП,1zHoYaz6
347,Тищенкова Раиса Валерьевна,79,7д,"3",Тищенкова_РВ,M4omRwSc
348,Лозеев Илья Петрович,205,10д,"2",Лозеев_ИП,DeoDi3C9
349,Кобяшов Герасим Михаилович,305,11т,"2",Кобяшов_ГМ,j03dECU4
350,Ронова Клавдия Валерьевна,107,7и,"4",Ронова_КВ,TB7lGdKi
351,Стрижнов Алексей Евгеньевич,385,11г,"3",Стрижнов_АЕ,LvO9QTgw
352,Волынский Алексей Виталиевич,362,11т,"5",Волынский_АВ,CrW49EB3
353,Машонский Василий Данилович,23,9д,"5",Машонский_ВД,bQYON6xh
354,Буриева Зинаида Аркадьевна,104,11д,"4",Буриева_ЗА,skK8CFmA
355,Борщина Алёна Ивановна,377,11а,"5",Борщина_АИ,1KSd16Ay
356,Белчков Олег Иванович,275,10а,"4",Белчков_ОИ,7jggapyN
357,Остропиков Альберт Данилович,157,8г,"2",Остропиков_АД,OjX21nNf
358,Оргонова Любовь Максимовна,264,7б,"4",Оргонова_ЛМ,gzxyH4Y9
359,Мальков Юрий Евгеньевич,228,7г,"3",Мальков_ЮЕ,6mm4k3MH
360,Свльхова Наталья Вадимовна,160,9т,"5",Свльхова_НВ,2cB5Ra9n
361,Мякушков Герасим Леонидович,102,10т,"3",Мякушков_ГЛ,xYm1oELz
362,Межуев Георгий Юриевич,355,8г,"4",Межуев_ГЮ,3yJqzKOV
363,Чериншев Александр Сергеевич,439,8а,"2",Чериншев_АС,uqOyz7pV
364,Муниров Алексей Андреевич,117,11г,"3",Муниров_АА,EdG27Mvo
365,Климухин Руслан Романович,269,10в,"3",Климухин_РР,rGcgv9mV
366,Дембская Екатерина Никитична,64,11б,"4",Дембская_ЕН,KWJoif2M
367,Тюнеев Яков Фёдорович,417,10т,"2",Тюнеев_ЯФ,Ub3yFi3K
368,Трушитин Антон Данилович,168,9х,"3",Трушитин_АД,L5hs561b
369,Балакишиев Роман Алексиевич,143,11х,"5",Балакишиев_РА,f3LjI8Rf
370,Немтюрева Валерия Аркадьевна,12,10г,"4",Немтюрева_ВА,qk6cAlXU
371,Складанова Клавдия Аркадьевна,257,9а,"3",Складанова_КА,c2AQyxbU
372,Заходина Полина Леонидовна,93,10д,"4",Заходина_ПЛ,zOVKy2oZ
373,Муринов Анатолий Борисович,171,11б,"5",Муринов_АБ,Re1HEgz7
374,Гришалова Любовь Евгеньевна,301,8т,"3",Гришалова_ЛЕ,Dw5GI7rZ
375,Ситчихин Станислав Георгиевич,247,8т,"5",Ситчихин_СГ,0FWOsY8G
376,Просяных Георгий Василиевич,366,9в,"2",Просяных_ГВ,akmRA7xZ
377,Дзабиев Григорий Георгиевич,259,11д,"5",Дзабиев_ГГ,7Vu8ILKj
378,Рыбаулин Григорий Алексеевич,140,11а,"5",Рыбаулин_ГА,69ctFEOh
379,Тупиева Екатерина Ивановна,400,7д,"2",Тупиева_ЕИ,Xm7wsek4
380,Куверчева Алена Ивановна,170,10д,"3",Куверчева_АИ,dBALWA6R
381,Цаблинова Виктория Богдановна,342,9г,"4",Цаблинова_ВБ,FhY4j45H
382,Синенков Григорий Леонидович,230,9в,"5",Синенков_ГЛ,v8LfkcRr
383,Лизункин Артур Олегович,4,11в,"5",Лизункин_АО,V98tHaL5
384,Славущева Александра Эдуардовна,81,8а,"5",Славущева_АЭ,1bPV8Fdh
385,Шахвердов Дмитрий Антонович,132,11б,"2",Шахвердов_ДА,nDL4i1TK
386,Рапацкая Ольга Ивановна,223,10г,"3",Рапацкая_ОИ,eiL4dfYX
387,Сторокожев Виталий Аркадиевич,159,9б,"2",Сторокожев_ВА,kmz9TwTD
388,Половодов Кирилл Николаевич,18,8т,"5",Половодов_КН,NN5k4zMH
389,Халтанова Алена Дмитриевна,49,8б,"3",Халтанова_АД,mGnDSKA6
390,Заложнев Роман Фёдорович,448,8в,"4",Заложнев_РФ,yL5pZrzo
391,Рыжих Кристина Аркадьевна,213,7а,"4",Рыжих_КА,z7gJsa36
392,Буров Руслан Игоревич,405,11и,"5",Буров_РИ,Ttwuemg4
393,Гачков Виталий Евгеньевич,277,9т,"4",Гачков_ВЕ,wz8kQek7
394,Кадилов Геннадий Борисович,225,10в,"3",Кадилов_ГБ,PQ6NSRgu
395,Гликина Алёна Эдуардовна,454,9б,"3",Гликина_АЭ,5RfupWWm
396,Ичкинина Любовь Андреевна,299,8г,"5",Ичкинина_ЛА,Dsgs3AM5
397,Мозшорина Кира Дмитриевна,65,8б,"3",Мозшорина_КД,7GxL4wAW
398,Брижеватов Константин Борисович,152,11т,"2",Брижеватов_КБ,6jF94iD8
399,Бучеров Тарас Викторович,429,10д,"4",Бучеров_ТВ,EVdFQs5q
400,Мисютина Валерия Эдуардовна,368,9г,"2",Мисютина_ВЭ,A8dFyj34
401,Льянов Федор Вадимович,328,8а,"4",Льянов_ФВ,WOH4vZlE
402,Щуркин Георгий Яковлевич,180,8в,"4",Щуркин_ГЯ,d90QYA7F
403,Акулин Федор Адамович,241,10г,"4",Акулин_ФА,wpHC7C7F
404,Волженкова Екатерина Ивановна,233,9д,"4",Волженкова_ЕИ,mX4ohjkw
405,Махометова София Викторовна,424,8и,"3",Махометова_СВ,KcZwmQ90
406,Зызлов Геннадий Антонович,274,7в,"3",Зызлов_ГА,P20sxQk3
407,Девляшова Кира Олеговна,51,11д,"5",Девляшова_КО,bJLk7F5W
408,Яковкина Алена Никитична,320,9т,"5",Яковкина_АН,rCMUd58c
409,Бузулев Вадим Николаевич,331,10д,"3",Бузулев_ВН,yEE3RhN8
410,Ганельский Юрий Юриевич,474,9д,"3",Ганельский_ЮЮ,m1RuolVK
411,Шкапрова Ева Ивановна,371,7б,"5",Шкапрова_ЕИ,2fA5vTfC
412,Чичирин Владимир Георгиевич,11,10а,"4",Чичирин_ВГ,2v8aHSyc
413,Шилова Надежда Викторовна,124,9б,"2",Шилова_НВ,fbSl5i6o
414,Коваев Руслан Михаилович,487,9т,"3",Коваев_РМ,5Z8u4ynZ
415,Саверина Надежда Андреевна,407,11б,"4",Саверина_НА,eJXS7uK1
416,Тишанкин Олег Адамович,334,9д,"3",Тишанкин_ОА,kVHeho7D
417,Широпаев Валерий Сергеевич,406,9б,"2",Широпаев_ВС,Jxosai51
418,Щепанин Олег Адамович,226,7а,"3",Щепанин_ОА,JdcoxVY6
419,Оплетин Владислав Аркадиевич,361,10х,"4",Оплетин_ВА,Y3UfsfQd
420,Оденова Карина Андреевна,409,8и,"4",Оденова_КА,6CtH6cY5
421,Семагин Альберт Андреевич,456,10х,"4",Семагин_АА,4aMyYIbs
422,Черданцева Анастасия Олеговна,128,8х,"3",Черданцева_АО,PNYJGog9
423,Лонцова Елизавета Эдуардовна,224,7х,"3",Лонцова_ЕЭ,amE3ZkZF
424,Сарсекеева Алёна Никитична,462,11и,"4",Сарсекеева_АН,cbPFJbH6
425,Аковецкий Антон Евгеньевич,500,8б,"4",Аковецкий_АЕ,nuASD8j4
426,Аратский Станислав Борисович,351,9и,"2",Аратский_СБ,b0YOb1gv
427,Чужриков Пётр Денисович,200,9в,"3",Чужриков_ПД,qRIEK8YR
428,Никитшин Алексей Кириллович,111,11и,"3",Никитшин_АК,d97lcKqD
429,Симендяев Василий Алексиевич,45,8д,"4",Симендяев_ВА,itvhXY3T
430,Ошитков Максим Сергеевич,151,10г,"4",Ошитков_МС,BFsw6ycc
431,Юрасов Евгений Романович,338,9и,"3",Юрасов_ЕР,ZI6cefur
432,Головяшин Павел Юриевич,179,7г,"5",Головяшин_ПЮ,j4B5QSXd
433,Манжурина Екатерина Сергеевна,219,7т,"3",Манжурина_ЕС,amoex80P
434,Никурашин Олег Евгеньевич,291,11х,"2",Никурашин_ОЕ,Sf2RQ9m3
435,Бехтерев Федор Вадимович,137,9х,"3",Бехтерев_ФВ,tB1feAqn
436,Годлевская Катерина Дмитриевна,403,11г,"3",Годлевская_КД,pOBNzX4C
437,Акиярова Алина Эдуардовна,9,11а,"4",Акиярова_АЭ,2WvZJouQ
438,Милина Алена Петровна,359,8г,"3",Милина_АП,G5Hn1vHD
439,Воловин Борис Викторович,350,7т,"2",Воловин_БВ,Dk9DtWVZ
440,Туморина Ксения Федоровна,133,8б,"5",Туморина_КФ,3Qd7gSRi
441,Желейков Вячеслав Яковлевич,199,8г,"3",Желейков_ВЯ,Kf7w6qVD
442,Шишорнина Екатерина Алексеевна,183,8т,"3",Шишорнина_ЕА,zWN5qVsG
443,Юумогулова Виолетта Игоревна,311,10х,"3",Юумогулова_ВИ,J6Kphgy1
444,Рецков Денис Денисович,85,10д,"2",Рецков_ДД,Xi4Cc6YW
445,Химунина Елизавета Ивановна,392,7д,"2",Химунина_ЕИ,4mwIfN2f
446,Кобрянов Александр Алексиевич,455,7т,"2",Кобрянов_АА,2S9tqtbG
447,Бирылов Тарас Данилович,243,11а,"3",Бирылов_ТД,4j0Bufyf
448,Туфатулин Ярослав Леонидович,485,8х,"4",Туфатулин_ЯЛ,3BtuGeFh
449,Долбишев Николай Аркадиевич,292,10б,"5",Долбишев_НА,illXgw6a
450,Махтумова Алёна Эдуардовна,186,10б,"4",Махтумова_АЭ,4mcxGCCA
451,Нарзаркин Алексей Романович,423,10т,"2",Нарзаркин_АР,bJZm4FyR
452,Куранина Алена Леонидовна,196,9б,"4",Куранина_АЛ,mp8d5zHb
453,Ситюков Аркадий Евгеньевич,32,10в,"3",Ситюков_АЕ,7bgZuwyn
454,Мизюрова Алиса Никитична,176,7г,"4",Мизюрова_АН,7BkCxyDl
455,Пандурова Алиса Дмитриевна,130,9б,"2",Пандурова_АД,A6dEtAiG
456,Жилейкин Борис Тимофеевич,91,7в,"2",Жилейкин_БТ,ORm413Dv
457,Корпункова Виолетта Сергеевна,83,11а,"3",Корпункова_ВС,Cen6u1Zv
458,Пашохонова Анастасия Федоровна,467,9в,"4",Пашохонова_АФ,3WXEXCPg
459,Сузальцева Тамара Михайловна,357,8х,"4",Сузальцева_ТМ,A2UeDk87
460,Чиличкина Светлана Яковлевна,5,8в,"5",Чиличкина_СЯ,zSmAay7b
461,Шантыкова Карина Максимовна,198,10д,"3",Шантыкова_КМ,p24mENgA
462,Недосекин Владислав Яковлевич,457,10а,"4",Недосекин_ВЯ,6BZofLZ7
463,Максимкин Федор Фёдорович,172,10г,"2",Максимкин_ФФ,tgXg7Hby
464,Матбиюшина Виктория Игоревна,237,8д,"2",Матбиюшина_ВИ,77eg470W
465,Шишкунов Герасим Юрьевич,110,8т,"4",Шишкунов_ГЮ,BATg6628
466,Сухинин Георгий Алексиевич,475,10х,"4",Сухинин_ГА,z6KnM0Yt
467,Бисеева Полина Романовна,48,7д,"5",Бисеева_ПР,Qotkq8qy
468,Жукулов Михаил Денисович,60,11г,"3",Жукулов_МД,goPX9eVn
469,Тоняев Герасим Петрович,378,9т,"5",Тоняев_ГП,69cdf5eU
470,Шушенкова Алёна Олеговна,36,7и,"2",Шушенкова_АО,9b8Gtzkq
471,Разроев Дмитрий Павлович,59,9а,"2",Разроев_ДП,U0T3kVEw
472,Баззаев Анатолий Данилович,339,9д,"2",Баззаев_АД,Ilj8yRT6
473,Цекова Алла Олеговна,50,8д,"2",Цекова_АО,CLsISSO1
474,Аборонова Алиса Алексеевна,444,7г,"5",Аборонова_АА,VtSQ6I14
475,Ягловская Ева Олеговна,181,8в,"4",Ягловская_ЕО,8VZzGIVR
476,Шароварова Яна Романовна,175,8а,"4",Шароварова_ЯР,O2JVIVeC
477,Общев Яков Викторович,466,8а,"4",Общев_ЯВ,7joQQSq8
478,Ойзерская Катерина Эдуардовна,120,7х,"2",Ойзерская_КЭ,wnJm1Z3v
479,Прусский Ярослав Иванович,479,11б,"2",Прусский_ЯИ,U0uWG3Xs
480,Лабинов Павел Алексеевич,272,7б,"5",Лабинов_ПА,Bdds7OUv
481,Покровов Эдуард Павлович,312,8б,"2",Покровов_ЭП,q3FozYpU
482,Мачехин Эдуард Данилович,19,7д,"3",Мачехин_ЭД,84g3eDX5
483,Кодорская Раиса Ивановна,27,11б,"3",Кодорская_РИ,F09bfbOR
484,Кондраева Марина Ивановна,469,9д,"3",Кондраева_МИ,Alr0sh1X
485,Бульенков Валентин Иванович,136,10т,"4",Бульенков_ВИ,x82wNcML
486,Тагакова Вероника Яковлевна,393,8т,"4",Тагакова_ВЯ,k8mkP6XK
487,Гершанова Любовь Евгеньевна,383,11т,"5",Гершанова_ЛЕ,dzxuDyw6
488,Салина Алена Егоровна,73,11в,"5",Салина_АЕ,1qlm3Roy
489,Фрумова Зинаида Аркадьевна,78,8а,"4",Фрумова_ЗА,wKlbJpw9
490,Хорняков Борис Борисович,13,8г,"2",Хорняков_ББ,o8N4nUmj
491,Гдагазина Лиза Василевна,212,9т,"5",Гдагазина_ЛВ,21tF374F
492,Агаршев Ярослав Михаилович,276,9т,"2",Агаршев_ЯМ,AxNa7spx
493,Корюшин Пётр Антонович,326,8х,"2",Корюшин_ПА,7c0ofioS
494,Калаев Пётр Алексиевич,68,8а,"3",Калаев_ПА,6yEsrDaI
495,Ккаталкина Виолетта Егоровна,53,7б,"2",Ккаталкина_ВЕ,dN3uD3Eu
496,Рачнов Герасим Алексеевич,103,10а,"5",Рачнов_ГА,qSmmLq1S
497,Миндубаева Людмила Леонидовна,477,11и,"2",Миндубаева_ЛЛ,tC7Vawfi
498,Агафьева Вера Ивановна,352,11х,"3",Агафьева_ВИ,cvnfBm25
499,Житин Эдуард Адамович,481,9а,5,Житин_ЭА,Wx5szsxl

